Club,Name,Location,Date,Link
Valley Consulting Group,VCG Infosession #1,Dwinelle 241,12/25/2023 7:00 PM,https://calendar.google.com/calendar/u/0/r/eventedit?dates=20240121T030000Z/20240121T050000Z&details=Powered+by+Connex.+&location=Dwinelle+Hall+225&text=Valley+Infosession+%231
Valley Consulting Group,VCG Infosession #2,Dwinelle 242,12/26/2023 7:00 PM,
Valley Consulting Group,VCG Infosession #3,Dwinelle 243,12/27/2023 7:00 PM,
Blockchain at Berkeley,BAB Infosession #1,Dwinelle 241,12/25/2023 7:00 PM,
Blockchain at Berkeley,BAB Infosession #2,Dwinelle 242,12/26/2023 7:00 PM,
Blockchain at Berkeley,BAB Infosession #3,Dwinelle 243,12/27/2023 7:00 PM,
Delta Consulting,Delta Infosession #1,Dwinelle 241,12/25/2023 7:00 PM,
Delta Consulting,Delta Infosession #2,Dwinelle 242,12/26/2023 7:00 PM,
Delta Consulting,Delta Infosession #3,Dwinelle 243,12/27/2023 7:00 PM,
The Berkeley Group,TBG Infosession #1,Dwinelle 241,12/25/2023 7:00 PM,
The Berkeley Group,TBG Infosession #2,Dwinelle 242,12/26/2023 7:00 PM,
The Berkeley Group,TBG Infosession #3,Dwinelle 243,12/27/2023 7:00 PM,
Middle Eastern Business Association,MEBA Infosession #1,Dwinelle 241,12/25/2023 7:00 PM,
Middle Eastern Business Association,MEBA Infosession #2,Dwinelle 242,12/26/2023 7:00 PM,
Middle Eastern Business Association,MEBA Infosession #3,Dwinelle 243,12/27/2023 7:00 PM,
Net Impact Berkeley,NIB Infosession #1,Dwinelle 241,12/25/2023 7:00 PM,
Net Impact Berkeley,NIB Infosession #2,Dwinelle 242,12/26/2023 7:00 PM,
Net Impact Berkeley,NIB Infosession #3,Dwinelle 243,12/27/2023 7:00 PM,